Symbol,Description,"Total revenue, Trailing 12 months","Total revenue, Trailing 12 months - Currency","Revenue growth %, TTM YoY","Gross profit, Trailing 12 months","Gross profit, Trailing 12 months - Currency","Operating income, Trailing 12 months","Operating income, Trailing 12 months - Currency","Net income, Trailing 12 months","Net income, Trailing 12 months - Currency","EBITDA, Trailing 12 months","EBITDA, Trailing 12 months - Currency","EPS diluted, Trailing 12 months","EPS diluted, Trailing 12 months - Currency","EPS diluted growth %, TTM YoY"
ABT,Abbott Laboratories,40725000000,USD,1.2404912245811200,20619000000,USD,6613000000,USD,5536000000,USD,9860000000,USD,3.1683,USD,7.974644719353850
DHR,Danaher Corporation,24817000000,USD,-18.246804585584400,14694000000,USD,5332000000,USD,4203000000,USD,7545000000,USD,5.6349,USD,-33.63366546533810
WFC,Wells Fargo & Company,122757000000,USD,1.5477391922968700,,,22700000000,USD,18742000000,USD,,,4.8738,USD,
QCOM,QUALCOMM Incorporated,37348000000,USD,-3.2059090320072600,20876000000,USD,9524000000,USD,8711000000,USD,11253000000,USD,7.7146,USD,1.0650701531447700
TXN,Texas Instruments Incorporated,16092000000,USD,-14.499760905371700,9552000000,USD,5835000000,USD,5285000000,USD,7235000000,USD,5.7649,USD,-30.815111729832200
GE,GE Aerospace,61921000000,USD,-14.083334489600500,17618000000,USD,5776000000,USD,4730000000,USD,7466000000,USD,4.2137,USD,-48.6178009194337
IBM,International Business Machines Corporation,62365000000,USD,3.04176855462296,34329000000,USD,10912000000,USD,8431000000,USD,15443000000,USD,9.0728,USD,320.71875724553700
AXP,American Express Company,71146000000,USD,14.417587365915600,43950000000,USD,14306000000,USD,9762000000,USD,21175000000,USD,13.4044,USD,36.25681060421240
AMGN,Amgen Inc.,30736000000,USD,16.676156853813200,19382000000,USD,6496000000,USD,3130000000,USD,11570000000,USD,5.8041,USD,-60.862440997977100
INTU,Intuit Inc.,16285000000,USD,13.342149220490000,13077000000,USD,3853000000,USD,2963000000,USD,4642000000,USD,10.4351,USD,23.84993353589060
VZ,Verizon Communications Inc.,134243000000,USD,-0.5607407407407410,62406000000,USD,29472000000,USD,11252000000,USD,47347000000,USD,2.6665,USD,-46.64759198863520
BX,Blackstone Inc.,10531162000,USD,1.878241750417530,10446266000,USD,4837218000,USD,1995594000,USD,4873201000,USD,2.6207,USD,57.72147327876740
ISRG,"Intuitive Surgical, Inc.",7572500000,USD,13.6244279390802,5062700000,USD,1952700000,USD,2093700000.0000000,USD,2396400000,USD,5.8239,USD,46.16021683481400
NOW,"ServiceNow, Inc.",9955000000,USD,24.17363103405260,7871000000,USD,1073000000,USD,1146000000,USD,1535000000,USD,5.5299,USD,-20.44568485563440
CAT,"Caterpillar, Inc.",66368000000,USD,2.4656096092387000,23903000000,USD,13974000000,USD,11007000000,USD,16099000000,USD,21.9534,USD,36.57368237694720
MS,Morgan Stanley,102756000000,USD,23.449908093756400,,,13603000000,USD,10413000000,USD,,,6.074,USD,
NEE,"NextEra Energy, Inc.",24470000000,USD,7.513181019332160,8600000000,USD,6312000000,USD,6319000000,USD,12478000000,USD,3.0794,USD,-23.773454131392600
AMAT,"Applied Materials, Inc.",26817000000,USD,1.3683613683613700,12701000000,USD,7775000000,USD,7450000000,USD,8187000000,USD,8.8988,USD,17.32721567386550
GS,"Goldman Sachs Group, Inc. (The)",121380000000,USD,30.419366276633500,,,14314000000,USD,11241000000,USD,,,31.145,USD,
SPGI,S&P Global Inc.,13276000000,USD,10.092047433452200,7894000000,USD,5069000000,USD,3323000000,USD,6219000000,USD,10.5502,USD,45.821700069108500
CMCSA,Comcast Corporation,121114000000,USD,0.42203888727664700,71310000000,USD,23403000000,USD,15090000000,USD,37515000000,USD,3.7527,USD,137.96448953709600
UBER,"Uber Technologies, Inc.",40059000000,USD,14.444476187755300,12197000000,USD,2717000000,USD,2011000000,USD,3496000000,USD,0.9295,USD,
UNP,Union Pacific Corporation,24138000000,USD,-2.5317989097516700,10757000000,USD,9327000000,USD,6494000000,USD,11715000000,USD,10.6449,USD,-2.857273225041070
PGR,Progressive Corporation (The),67801000000,USD,21.328003092207900,,,8992500000,USD,6899200000,USD,,,11.6892,USD,300.4796491708920
T,AT&T Inc.,122197000000,USD,0.6216959536239520,53246000000,USD,24690000000,USD,12725000000,USD,44280000000,USD,1.7409,USD,
ARM,Arm Holdings plc,3497000000,USD,31.36739293764090,3237500000,USD,186000000,USD,424000000,USD,350000000,USD,0.3933,USD,0.25490695895998000
SYK,Stryker Corporation,21389000000,USD,9.94088923156001,13092000000,USD,4572000000,USD,3448000000,USD,5602000000,USD,8.9663,USD,26.692759848527700
TJX,"TJX Companies, Inc. (The)",55623000000,USD,8.580805940021890,17587000000,USD,6070000000,USD,4763000000,USD,7096000000,USD,4.1407,USD,21.43883626125470
LMT,Lockheed Martin Corporation,71069000000,USD,5.4545724333387700,8611000000,USD,8611000000,USD,6736000000,USD,10092000000,USD,27.5567,USD,0.7811842841521250
PDD,PDD Holdings Inc.,47273720908.1941,USD,99.26217888998010,29517403271.1799,USD,13506248062.1203,USD,13679264006.3836,USD,,,9.2729,USD,127.74025591276400
HON,Honeywell International Inc.,37319000000,USD,3.279459788564790,14595000000,USD,8022000000,USD,5784000000,USD,9231000000,USD,8.7692,USD,8.529702970297030
COP,ConocoPhillips,56287000000,USD,-15.216376206901700,17526000000,USD,14766000000,USD,10651000000,USD,23737000000,USD,8.982,USD,-13.606371313698700
NKE,"Nike, Inc.",51386000000,USD,0.3809263347072730,22617000000,USD,6043000000,USD,5700000000,USD,6839000000,USD,3.7263,USD,15.468996932230200
ETN,"Eaton Corporation, PLC",24140000000,USD,9.498321691009710,9057000000,USD,4460000000,USD,3651000000,USD,5372000000,USD,9.0922,USD,34.35491259438770
BSX,Boston Scientific Corporation,15228000000,USD,13.64179104477610,9448000000,USD,2507000000,USD,1826000000,USD,3736000000,USD,1.236,USD,107.76601109430200
SCHW,Charles Schwab Corporation (The),25486000000,USD,1.6512444160816800,18899000000,USD,8975000000,USD,4864000000,USD,10396000000,USD,2.4067,USD,-30.066252106700800
MDT,Medtronic plc.,32577000000,USD,3.228975220229420,19634000000,USD,5924000000,USD,3928000000,USD,8561000000,USD,2.9686,USD,9.316541464133160
PANW,"Palo Alto Networks, Inc.",8027500000,USD,16.46379502952400,6209200000,USD,691100000,USD,2577600000,USD,,,7.2378,USD,470.75940383250500
CB,Chubb Limited,53780000000,USD,15.395343847226700,,,10432000000,USD,9716000000,USD,,,23.6742,USD,70.03663003663000
ADP,"Automatic Data Processing, Inc.",19202700000,USD,6.609409178223650,9590800000,USD,4942900000,USD,3752000000,USD,5504800000,USD,9.1023,USD,10.903574822721000
MMC,"Marsh & McLennan Companies, Inc.",23632000000,USD,9.144651764271200,,,6254000000,USD,4011000000,USD,6985000000,USD,8.066,USD,22.961065886155100
UPS,"United Parcel Service, Inc.",89320000000,USD,-6.821477378232610,15618000000,USD,7720000000,USD,5254000000,USD,11209000000,USD,6.127,USD,-46.88524021707090
ANET,"Arista Networks, Inc.",6311667000,USD,19.933747929741600,4040237000,USD,2602323000,USD,2462083000,USD,2665331000,USD,7.715,USD,42.39046177697390
KKR,KKR & Co. Inc.,23679766000,USD,105.17517913798400,9547397000,USD,5867784000,USD,3880695000,USD,5957184000,USD,4.2341,USD,226.75567217163100
LRCX,Lam Research Corporation,14905386000,USD,-14.477021451510800,7100672000,USD,4330751000,USD,3827772000,USD,4690450000,USD,29.0048,USD,-12.495927208659700
AMT,American Tower Corporation (REIT),11339700000,USD,3.887168587500230,5463400000,USD,4333000000,USD,2489500000,USD,6971900000,USD,5.3242,USD,157.41913648890400
DE,Deere & Company,55978000000,USD,-8.78307912918785,23867000000,USD,13891000000,USD,8217000000,USD,15966000000,USD,29.3046,USD,-13.36484820533740
CI,The Cigna Group,216008000000,USD,16.118974535406900,,,7627000000,USD,3708000000,USD,,,12.7147,USD,-42.06977305759440
FI,"Fiserv, Inc.",19780000000,USD,7.197051810101890,12059000000,USD,5389000000,USD,3451000000,USD,8404000000,USD,5.7663,USD,45.426344858893900
SHOP,Shopify Inc.,7692019846.264310,USD,20.598664178324400,3927789230.834570,USD,770882001.6369300,USD,1260484033.122200,USD,813427113.875,USD,0.9703696,USD,
MDLZ,"Mondelez International, Inc.",35976000000,USD,5.405642963874480,15169000000,USD,7294000000,USD,3947000000,USD,8552000000,USD,2.9027,USD,-3.6927670869276700
SO,Southern Company (The),26134000000,USD,-5.486239195689130,8410000000,USD,6940000000,USD,4609000000,USD,12050000000,USD,4.1949,USD,48.68150563550010
ICE,Intercontinental Exchange Inc.,10464000000,USD,15.343915343915300,7355000000,USD,4167000000,USD,2313000000,USD,5617000000,USD,4.0404,USD,34.303948942959700
SHW,Sherwin-Williams Company (The),23007700000,USD,0.20382476296660800,11059300000,USD,3744500000,USD,2512800000,USD,4360700000,USD,9.8093,USD,8.85554803413492
DUK,Duke Energy Corporation (Holding Company),30049000000,USD,3.002776539951330,9162000000,USD,7725000000,USD,4398000000,USD,13214000000,USD,5.5653,USD,209.78569440578900
CL,Colgate-Palmolive Company,19988000000,USD,7.025058899121870,11931000000,USD,4517000000,USD,2840000000,USD,5118000000,USD,3.4404,USD,91.82603847226090
WM,"Waste Management, Inc.",20976000000,USD,4.769991508915640,6109000000,USD,4134000000,USD,2544000000,USD,6367000000,USD,6.2943,USD,13.072611648043700
SCCO,Southern Copper Corporation,10519300000,USD,4.4430985523938100,4865400000,USD,4734900000,USD,2750700000,USD,5574200000,USD,3.5068,USD,-0.9881980913659640
ZTS,Zoetis Inc.,8915000000,USD,8.428606178545370,6091000000,USD,3214000000,USD,2344000000,USD,3717000000,USD,5.1068,USD,7.445980348839640
APH,Amphenol Corporation,13392700000,USD,6.610254491613800,4451000000,USD,2826800000,USD,2101900000,USD,3270200000,USD,1.6783,USD,9.179026801977620
GD,General Dynamics Corporation,44946000000,USD,10.002692185320200,7044000000,USD,4537000000,USD,3545000000,USD,5367000000,USD,12.8285,USD,5.275899422268900
TT,Trane Technologies plc,18829900000.098,USD,11.974096561226600,6524800000.03443,USD,3232700000.01715,USD,2322200000.01232,USD,3600300000,USD,10.1132,USD,24.811176383472400
CMG,"Chipotle Mexican Grill, Inc.",10663233000,USD,14.854103577546900,2558554000,USD,1849356000,USD,1410261000,USD,2180199000,USD,1.0205,USD,27.46689982513120
CME,CME Group Inc.,5797500000,USD,10.694237598808600,4746000000,USD,3643600000,USD,3306300000,USD,3987700000,USD,9.066,USD,10.739238774612800
ABNB,"Airbnb, Inc.",10505000000,USD,15.586774804393700,7466000000,USD,1604000000,USD,4844000000,USD,1656000000,USD,7.3437,USD,115.21261319344700
AON,Aon plc,14222000000,USD,10.28225806451610,13034000000,USD,4041000000,USD,2549000000,USD,4403000000,USD,12.503,USD,-2.644324357996040
ITW,Illinois Tool Works Inc.,16014000000,USD,-0.37947122861586300,6874000000,USD,4239000000,USD,3067000000,USD,4631000000,USD,10.2018,USD,0.9639365029096270
TGT,Target Corporation,107300000000,USD,-0.6555069994815200,28018000000,USD,6181000000,USD,4487000000,USD,8976000000,USD,9.6839,USD,32.830846044112800
PYPL,"PayPal Holdings, Inc.",31044000000,USD,10.237562586555900,12297000000,USD,5458000000,USD,4438000000,USD,6519000000,USD,4.128,USD,15.326591048779100
EOG,"EOG Resources, Inc.",24105000000,USD,-4.4400396432111,11002000000,USD,9019000000,USD,7497000000,USD,12975000000,USD,12.9587,USD,-12.677223719676500
CDNS,"Cadence Design Systems, Inc.",4161501000,USD,9.493014444707550,3661656000,USD,1189726000,USD,1055383000,USD,1351788000,USD,3.867,USD,18.863922786094100
CVS,CVS Health Corporation,363650000000,USD,7.096367588071410,53799000000,USD,13341000000,USD,7190000000,USD,17891000000,USD,5.6194,USD,146.55142155142200
MMM,3M Company,30583000000,USD,-7.475645912748840,13348000000,USD,5719000000,USD,943000000,USD,7522000000,USD,1.6912,USD,
FDX,FedEx Corporation,87693000000,USD,-2.730852420830790,18952000000,USD,6355000000,USD,4325000000,USD,10642000000,USD,17.237,USD,11.228697352373700
USB,U.S. Bancorp,41652000000,USD,18.96152857510070,,,7204000000,USD,5261000000,USD,,,3.1512,USD,
PNC,"PNC Financial Services Group, Inc. (The)",32625000000,USD,13.340281396560700,,,5635000000,USD,5181000000,USD,,,11.9329,USD,
WDAY,"Workday, Inc.",7826267000,USD,17.409144909236000,5922027000,USD,307447000,USD,1540709000,USD,601447000,USD,5.7317,USD,
ECL,Ecolab Inc.,15634200000,USD,5.8926321778355800,6660000000,USD,2456500000,USD,1712200000,USD,3386200000,USD,5.9619,USD,45.220928533151400
NU,Nu Holdings Ltd.,9068147000.11051,USD,78.16561549740650,6278804000.07652,USD,2275430000.02773,USD,1529999000.0186500,USD,2347967000,USD,0.3138,USD,2125.5319148936200
PLTR,Palantir Technologies Inc.,2478981000,USD,21.22114985425480,2017602000,USD,291997000,USD,404552000,USD,325126000,USD,0.1699,USD,
SPOT,Spotify Technology S.A.,15644449820.2652,USD,20.2730113028592,4269924768.0195800,USD,458341192.55800000,USD,504215547.26734300,USD,600009600,USD,2.4556,USD,
CSX,CSX Corporation,14634000000,USD,-2.6347305389221600,5379000000,USD,5379000000,USD,3588000000,USD,7015000000,USD,1.8227,USD,-8.088346528162980
CRWD,"CrowdStrike Holdings, Inc.",3284011000,USD,34.261454090831400,2469303000,USD,28325000,USD,131656000,USD,191655000,USD,0.5321,USD,
RSG,"Republic Services, Inc.",15567200000,USD,7.847171706674980,4653900000,USD,3009700000,USD,1885065000,USD,4708800000,USD,5.9694,USD,20.210238028112300
FCX,"Freeport-McMoRan, Inc.",24247000000,USD,11.000732466581200,7278000000,USD,6500000000,USD,1914000000,USD,8726000000,USD,1.3254,USD,-8.656099241902150
APO,"Apollo Global Management, Inc. (New)",26984000000,USD,8.894269572235680,22252000000,USD,8001000000,USD,5663000000,USD,8957000000,USD,9.3131,USD,336.1290624707310
CARR,Carrier Global Corporation,23704000000,USD,8.629302048485410,6867000000,USD,2425000000,USD,3383000000,USD,3319000000,USD,3.7573,USD,49.08737401793510
NXPI,NXP Semiconductors N.V.,13109000000.066,USD,-0.5160506942615730,7270000000.03673,USD,3740000000.01875,USD,2781000000.01382,USD,4730000000,USD,10.7027,USD,1.2056509569558900
SLB,Schlumberger N.V.,35161000000,USD,12.670234242317400,7058000000,USD,5923000000,USD,4416000000,USD,7889000000,USD,3.0572,USD,11.936145284124200
EPD,Enterprise Products Partners L.P.,54479999993,USD,4.9994217958601600,6694999993,USD,6453999993,USD,5711000000,USD,8851999990,USD,2.6204,USD,6.110548694067630
APD,"Air Products and Chemicals, Inc.",12103700000,USD,-6.743971030125590,3834600000,USD,2784700000,USD,2563500000,USD,4212300000,USD,11.507,USD,17.6260132683206
CEG,Constellation Energy Corporation,22229000000,USD,-9.693276457444650,4382000000,USD,3819000000,USD,2392000000,USD,6502000000,USD,7.5033,USD,214.70933646506200
DHI,"D.R. Horton, Inc.",37302900000,USD,7.82524995880991,9804400000,USD,6434000000,USD,4982800000,USD,6518900000,USD,14.8888,USD,5.87666401183297
AFL,AFLAC Incorporated,19302000000,USD,2.6592915647271600,,,6477000000,USD,5471000000,USD,,,9.4513,USD,26.564090203010300
EMR,Emerson Electric Company,16964000000,USD,3.1936249163574400,7577000000,USD,2636000000,USD,1673000000,USD,4170000000,USD,2.9125,USD,-22.558430162992900
FTNT,"Fortinet, Inc.",5537300000,USD,11.021332905605900,4318700000,USD,1442400000,USD,1312900000,USD,1558700000,USD,1.6924,USD,26.95221663791160
CHTR,"Charter Communications, Inc.",54659000000,USD,0.2255390934428630,23011000000,USD,12823000000,USD,4650000000,USD,21501000000,USD,31.3621,USD,5.374194458817450
MPC,Marathon Petroleum Corporation,147884000000,USD,-5.550091330616830,13291000000,USD,10045000000,USD,7177000000,USD,13383000000,USD,19.0326,USD,-30.94422594081540
PSX,Phillips 66,152149000000,USD,-1.2231145274064600,9458000000,USD,6587000000,USD,5110000000,USD,8629000000,USD,11.646,USD,-49.468915963761300
NSC,Norfolk Southern Corporation,12092000000,USD,-4.727387330601950,2958000000,USD,2958000000,USD,1791000000,USD,4286000000,USD,7.9109,USD,-28.865209963132800
ADSK,"Autodesk, Inc.",5603000000,USD,11.391650099403600,5039000000,USD,1211000000,USD,997000000,USD,1357000000,USD,4.6152,USD,19.527607997513700
GM,General Motors Company,178093000000,USD,4.928473793363500,20822000000,USD,11540000000,USD,11080000000,USD,23815000000,USD,8.8938,USD,24.246318906987800
WMB,"Williams Companies, Inc. (The)",10253000000,USD,-4.835715611657700,4057000000,USD,3414000000,USD,2825000000,USD,5621000000,USD,2.3094,USD,6.502490315439960
ET,Energy Transfer LP,83629000000,USD,3.5589127608197600,10035000166,USD,8924000166,USD,4462000000,USD,13656000170,USD,1.1819,USD,-1.7049234863606100
SPG,"Simon Property Group, Inc.",5838342000,USD,7.3987874075956200,3541734000,USD,2975075000,USD,2598316000,USD,4227975000.0000000,USD,7.8981,USD,21.889902310292100
COF,Capital One Financial Corporation,52121000000,USD,16.92877173303420,,,5387000000,USD,4303000000,USD,,,10.6306,USD,
OXY,Occidental Petroleum Corporation,27699000000,USD,-11.80628522303950,9785000000,USD,6167000000,USD,4599000000,USD,13070000000,USD,4.0558,USD,-31.103485764761800
MET,"MetLife, Inc.",68774000000,USD,-2.582262702381120,,,4777000000,USD,2909000000,USD,,,3.7051,USD,43.88737864077670
AEP,"American Electric Power Company, Inc.",19764600000,USD,0.3452372490683670,5824300000,USD,4283300000,USD,2633300000,USD,7562200000,USD,5.0111,USD,30.188875321503700
SRE,DBA Sempra,13205000000,USD,-26.125874125874100,3424000000,USD,2747000000,USD,3017000000,USD,5083000000,USD,4.6836,USD,18.677309007981800
OKE,"ONEOK, Inc.",19016000000,USD,-0.41694903946292600,4558000000,USD,4349000000,USD,2561000000,USD,5302000000,USD,4.5862,USD,-15.394690722600400
NTES,"NetEase, Inc.",14772132301.8904,USD,3.9699439036244500,9251022201.360690,USD,4019132339.1331600,USD,3987237964.55803,USD,4366620890,USD,6.1364,USD,8.487880770114740
ROST,"Ross Stores, Inc.",21092936000,USD,9.805791576803560,5870707000,USD,2544511000,USD,2072148000.0000000,USD,2983800000,USD,6.2024,USD,31.562871203122300
TRV,"The Travelers Companies, Inc.",44073000000,USD,13.736774193548400,,,4909000000,USD,3684000000,USD,,,15.8103,USD,68.18215664790920
TTD,"The Trade Desk, Inc.",2174866000,USD,25.528536558759300,1766700000,USD,305492000,USD,253364000,USD,401522000,USD,0.5068,USD,95.97834493426140
CPRT,"Copart, Inc.",4165415000,USD,10.92052198018010,1859106000,USD,1603096000,USD,1388238000,USD,1786890000,USD,1.4263,USD,19.315710222519600
BK,The Bank of New York Mellon Corporation,37579000000,USD,39.08875564438520,,,4366000000,USD,3533000000,USD,,,4.3254,USD,
LEN,Lennar Corporation,35832655000,USD,6.458004433767680,8645348000,USD,5533597000,USD,4097791000,USD,5655468000,USD,14.7108,USD,0.36979927131805200
PCAR,PACCAR Inc.,35300900000,USD,8.421327436346320,6992400000,USD,5759700000,USD,4963700000,USD,6692900000,USD,9.4381,USD,35.69651920118470
KDP,Keurig Dr Pepper Inc.,15062000000,USD,3.398091576851790,8016000000,USD,3519000000,USD,2180000000,USD,4253000000,USD,1.5684,USD,38.79646017699120
CCI,Crown Castle Inc.,6608000000,USD,-7.58041958041958,3024000000,USD,2256000000,USD,1188000000,USD,4003000000,USD,2.7344,USD,-30.397597108384700
COIN,"Coinbase Global, Inc.",5379698000,USD,99.25641332396510,4612293000,USD,1240606000,USD,1482778000,USD,1368984000,USD,5.5584,USD,
ALL,Allstate Corporation (The),60302000000,USD,10.402782863420000,,,4228000000,USD,3033000000,USD,,,11.0001,USD,
KMB,Kimberly-Clark Corporation,20280000000,USD,-0.32438808611029200,7296000000,USD,3169000000,USD,2287000000,USD,3918000000,USD,6.7555,USD,39.26568813391610
AIG,"American International Group, Inc. New",42039000000,USD,-16.68186142381480,,,5903000000,USD,4043000000,USD,,,5.7276,USD,-3.2058540212597000
KMI,"Kinder Morgan, Inc.",15311000000,USD,-5.784259430188910,5389000000,USD,4274000000,USD,2433000000,USD,6573000000,USD,1.0949,USD,-1.4225263347438600
JCI,Johnson Controls International plc,26930000000,USD,1.1949496467758900,8877000000,USD,2548000000,USD,1621000000,USD,3462000000,USD,2.3927,USD,-20.070151995991300
D,"Dominion Energy, Inc.",14115000000,USD,-20.330755771293100,7689000000,USD,3648000000,USD,1644000000,USD,6536000000,USD,1.856,USD,-31.15982344868510
PAYX,"Paychex, Inc.",5278300000,USD,5.416308841445150,3799000000,USD,2174100000,USD,1690400000,USD,2350600000,USD,4.6685,USD,8.61776133640446
MNST,Monster Beverage Corporation,7385831000,USD,10.382796150173700,3968770000,USD,2022639000,USD,1687090000,USD,2099066000.0000000,USD,1.6063,USD,18.721359940872100
TEL,TE Connectivity Ltd. New Switzerland Registered Shares,15812000000,USD,-3.337816358968090,5374000000,USD,2943000000,USD,3469000000,USD,3760000000,USD,11.1128,USD,71.56266403186460
COR,"Cencora, Inc.",283830824000,USD,11.557656886298800,8400759000,USD,2836168000,USD,1856303000,USD,3945931000,USD,9.212,USD,12.294902113757700
VLO,Valero Energy Corporation,140154000000,USD,-10.756652467095800,9429000000,USD,8365000000,USD,5932000000,USD,11128000000,USD,17.4964,USD,-39.733878940062500
IQV,"IQVIA Holdings, Inc.",15162000000,USD,3.4525109170305700,4180000000,USD,2105000000,USD,1423000000,USD,3251000000,USD,7.7105,USD,32.46233400333280
F,Ford Motor Company,180348000000,USD,6.2001307274215500,14532000000,USD,3936000000,USD,3836000000,USD,10261000000,USD,0.9508,USD,-7.084921332942450
STZ,"Constellation Brands, Inc.",10108500000,USD,5.242061426340450,5119600000,USD,3370400000,USD,2468500000,USD,3826400000,USD,13.4448,USD,
MPLX,MPLX LP,10986000000,USD,0.5491488193300390,4995000000,USD,4438000000,USD,4226000000,USD,5682000000,USD,4.128,USD,3.856894859989440
MCHP,Microchip Technology Incorporated,6587100000,USD,-24.83654164336980,3579300000,USD,1875600000,USD,1369800000,USD,2720900000,USD,2.503,USD,-42.08967655360700
RCL,Royal Caribbean Cruises Ltd.,15329453000,USD,27.69016246716530,5639875000,USD,3756859000,USD,2501076000,USD,5222848000,USD,8.9649,USD,
HES,Hess Corporation,12426000000,USD,6.368772470467390,5072000000,USD,4550000000,USD,2646000000,USD,6830000000,USD,8.5916,USD,65.04850638747480
FERG,Ferguson Enterprises Inc.,29527000000.2386,USD,-1.138380151827330,8668000000.06992,USD,2641000000.0211400,USD,1868000000.01477,USD,2967000000,USD,9.1434,USD,1.9331103678929700
HUM,Humana Inc.,112036000000,USD,13.480608141643100,,,3290000000,USD,1711000000,USD,,,14.0305,USD,-47.6407454677086
PRU,"Prudential Financial, Inc.",60294000000,USD,-6.313221560980160,,,3971000000,USD,2831000000,USD,,,7.8221,USD,161.5562094562960
KVUE,Kenvue Inc.,15474000000,USD,0.42183139723538200,8887000000,USD,2904000000,USD,1119000000,USD,3521000000,USD,0.5839,USD,-35.466401414677300
LNG,"Cheniere Energy, Inc.",16343000000,USD,-44.58309159491480,103000000,USD,-377000000,USD,4460000000,USD,990000000,USD,18.7711,USD,-44.72324962306820
EW,Edwards Lifesciences Corporation,5999100000,USD,6.0455003446995800,4590800000,USD,1632600000,USD,1473000000,USD,1784400000,USD,2.4297,USD,7.642211589580000
ACGL,Arch Capital Group Ltd.,15047000000,USD,29.162745230669700,,,4131000000,USD,5446000000,USD,,,14.2148,USD,138.73969197695700
ODFL,"Old Dominion Freight Line, Inc.",5969597000,USD,0.3179975915333290,2046485000,USD,1686212000,USD,1276451000,USD,2024020000,USD,5.8327,USD,1.3941764450239000
CNC,Centene Corporation,157745000000,USD,6.639941050411360,,,3573000000,USD,2823000000,USD,,,5.2708,USD,8.597919027505920
A,"Agilent Technologies, Inc.",6497000000,USD,-7.106090935087220,3762000000,USD,1519000000,USD,1413000000,USD,1769000000,USD,4.826,USD,26.560369243679800
NDAQ,"Nasdaq, Inc.",6565000000,USD,7.534807534807540,3836000000,USD,1861000000,USD,947000000,USD,2358000000,USD,1.7404,USD,-21.902625084137300
CPNG,"Coupang, Inc.",27181555000.000200,USD,23.180031909870000,7316787000.00004,USD,232484000.000001,USD,1051300000.00001,USD,577877000,USD,0.5804,USD,143.04857621440500
PCG,Pacific Gas & Electric Co.,24776000000,USD,11.287786911018300,4714000000,USD,4714000000,USD,2533000000,USD,8942000000,USD,1.1783,USD,26.87627866910740
PEG,Public Service Enterprise Group Incorporated,9841000000,USD,-7.9936424831712800,2114000000,USD,2114000000,USD,1651000000,USD,3456000000,USD,3.302,USD,-40.611510791366900
GIS,"General Mills, Inc.",19857200000,USD,-1.1794448149217200,6899200000,USD,3640200000,USD,2496600000,USD,4192900000.0000000,USD,4.3068,USD,-0.1159608516164920
HWM,Howmet Aerospace Inc.,7093000000,USD,14.458609004356900,1846000000,USD,1456000000,USD,933000000,USD,1728000000,USD,2.2553,USD,77.93293885601580
EA,Electronic Arts Inc.,7265000000,USD,-1.651550020305940,5596000000,USD,1453000000,USD,1151000000,USD,1787000000,USD,4.2559,USD,31.81057978196230
DDOG,"Datadog, Inc.",2393717000,USD,26.177293203437200,1951146000,USD,48126000,USD,163078000,USD,119929000,USD,0.46,USD,
HSY,The Hershey Company,11014327000,USD,1.4361435885723300,4880581000,USD,2474666000,USD,1845966000,USD,2912879000,USD,9.0068,USD,3.639606466831600
AME,"AMETEK, Inc.",6824736000,USD,6.293024057728460,2432860000,USD,1747857000,USD,1331860000,USD,2118239000,USD,5.7416,USD,7.460228336140750
FAST,Fastenal Company,7415800000,USD,2.4253473660948600,3208300000,USD,1517700000,USD,1152300000,USD,1692200000,USD,2.0086,USD,2.50574126052564
GEHC,GE HealthCare Technologies Inc.,19517000000,USD,2.516020590398150,7996000000,USD,2708000000,USD,1580000000,USD,3303000000,USD,3.446,USD,-4.790849312040670
JD,"JD.com, Inc.",152934750902.717,USD,-0.4180880704239850,23006811224.5374,USD,4688997696.86228,USD,4301673172.580830,USD,5899174850,USD,2.7499,USD,38.680720157345300
SYY,Sysco Corporation,78843896000,USD,3.3006639071833600,14519461000,USD,3395011000,USD,1955322000,USD,4359553000,USD,3.8896,USD,11.947042739962600
KR,Kroger Company (The),150143000000,USD,0.8862817825081980,30280000000,USD,4841000000,USD,2132000000,USD,8609000000,USD,2.9351,USD,-15.641077228178100
CTSH,Cognizant Technology Solutions Corporation,19265000000,USD,-0.6651541713932140,6110000000,USD,2976000000,USD,2195000000,USD,3642000000,USD,4.3863,USD,2.36644962542883
EXC,Exelon Corporation,22752000000,USD,14.371889609410300,5702000000,USD,4243000000,USD,2423000000,USD,7797000000,USD,2.4246,USD,13.72953703269380
CCEP,Coca-Cola Europacific Partners plc,20708968712.8411,USD,14.105293922526100,7316793265.27375,USD,2649008825.97826,USD,1742980731.98302,USD,3582113960,USD,3.7924,USD,9.350941437674810
IR,Ingersoll Rand Inc.,7035700000,USD,8.992750030982780,2691900000,USD,1371200000,USD,825300000,USD,1837700000,USD,2.0226,USD,17.6135372448683
CBRE,CBRE Group Inc,33144021000,USD,7.418597017560710,5761807000,USD,1195522000,USD,923704000,USD,1845845000,USD,2.9873,USD,13.116740505130800
NUE,Nucor Corporation,32694520000,USD,-12.716732713621500,6063049000,USD,4669655000,USD,3403030000,USD,5919379000,USD,13.8645,USD,-35.97907296755660
RMD,ResMed Inc.,4685297000,USD,10.947306803492200,2608780000,USD,1384120000,USD,1020951000,USD,1600328000,USD,6.9216,USD,13.65144001839020
LULU,lululemon athletica inc.,9827377000,USD,15.645492322937800,5730536000,USD,2250099000,USD,1581206000,USD,2641126000,USD,12.4791,USD,66.94001498287670
BKR,Baker Hughes Company,27033000000,USD,15.996567260244600,5560000000,USD,3038000000,USD,1991000000,USD,4146000000,USD,1.9756,USD,74.32277419924120
FANG,"Diamondback Energy, Inc.",9278000000,USD,11.635182288533300,5107000000,USD,4835000000,USD,3456000000,USD,6698000000,USD,19.3457,USD,0.3235960649888780
VICI,VICI Properties Inc.,3744667000,USD,13.569260966853000,3712074000,USD,3469957000,USD,2635416000,USD,3474679000,USD,2.5457,USD,17.25932749884850
ED,"Consolidated Edison, Inc.",14812000000,USD,-4.426377597109310,9399000000,USD,2530000000,USD,1783000000,USD,4617000000,USD,5.1418,USD,-26.039613929604000
XEL,Xcel Energy Inc.,13804000000,USD,-9.345242004334410,3431000000,USD,2770000000,USD,1855000000,USD,5505000000,USD,3.3466,USD,6.072900158478610
IRM,Iron Mountain Incorporated (Delaware),5819276000,USD,11.091371803601900,2457666000,USD,1149778000,USD,229369000,USD,1988632000,USD,0.7777,USD,-39.97839005942730
DFS,Discover Financial Services,22584000000,USD,23.81578947368420,,,3874000000,USD,2890000000,USD,,,11.2838,USD,
HIG,"Hartford Financial Services Group, Inc. (The)",25473000000,USD,8.142644873699850,,,3789000000,USD,2913000000,USD,,,9.5141,USD,52.85413620808760
XYL,Xylem Inc.,8397000000,USD,38.26774246665570,3094000000,USD,940000000,USD,765000000,USD,1503000000,USD,3.1552,USD,67.90123456790120
EL,"Estee Lauder Companies, Inc. (The)",15558000000,USD,-1.8360779859928100,11134000000,USD,1412000000,USD,390000000,USD,2219000000,USD,1.0798,USD,-61.24331502817560
EIX,Edison International,16822000000,USD,-2.049609875393040,4387000000,USD,3615000000,USD,1039000000,USD,6400000000,USD,2.4874,USD,0.6351903548165340
ON,ON Semiconductor Corporation,7796800000,USD,-6.62850436511262,3564400000,USD,2311300000,USD,1936600000,USD,2941500000,USD,4.3919,USD,0.6923905816539370
SMCI,"Super Micro Computer, Inc.",14942854000,USD,109.76895849529800,2140903000.0000000,USD,1265692000,USD,1208149000,USD,,,19.9028,USD,73.94359427028260
TRGP,"Targa Resources, Inc.",16329300000,USD,-3.548139397519200,2847700000,USD,2477400000,USD,1064700000,USD,3845200000,USD,4.7703,USD,28.63499083162550
LYB,LyondellBasell Industries NV,40881000000,USD,-5.044944603163540,4788000000,USD,3048000000,USD,2321000000,USD,4547000000,USD,7.1052,USD,10.471570502355500
QSR,Restaurant Brands International Inc.,7404886683.046590,USD,8.07882848104621,4202599202.18784,USD,2217864629.4038200,USD,1259136353.47806,USD,2419966632.1280000,USD,3.96200154,USD,20.193564956739400
BIDU,"Baidu, Inc.",18657525671.4256,USD,-0.7537501074709570,9608097501.90148,USD,3195323188.3326700,USD,2697944879.57712,USD,5257674980,USD,7.6426,USD,18.997275204359700
VRT,"Vertiv Holdings, LLC",7199900000,USD,12.658623980972900,2436100000,USD,1082300000,USD,498900000,USD,1356500000,USD,1.2857,USD,176.49462365591400
APP,Applovin Corporation,3955751000,USD,37.305933822426800,2773157000,USD,1190596000,USD,823976000,USD,1652712000,USD,2.36,USD,4222.344322344320
PPG,"PPG Industries, Inc.",18099000000,USD,1.083496230103320,7013000000,USD,2272000000,USD,1444000000,USD,2896000000,USD,6.1016,USD,9.431999569560770
LVS,Las Vegas Sands Corp.,11430000000,USD,68.48466981132080,4390000000,USD,2756000000,USD,1609000000,USD,4158000000,USD,2.132,USD,2840.6896551724100
BIIB,Biogen Inc.,9288000000,USD,-1.9094288611017200,6350400000,USD,1813200000,USD,1158600000,USD,2384700000,USD,7.9399,USD,-56.764718694866200
WEC,"WEC Energy Group, Inc.",8627100000,USD,-7.030551215043910,2753100000,USD,2491300000,USD,1369300000,USD,3806100000,USD,4.3307,USD,1.2176880287944700
BRO,"Brown & Brown, Inc.",4529900000,USD,13.465921899656800,4317600000,USD,1370600000,USD,981000000,USD,1582900000,USD,3.4741,USD,34.75427640510450
DXCM,"DexCom, Inc.",3934800000,USD,23.05479109332000,2469100000,USD,681500000,USD,666900000,USD,886800000,USD,1.6228,USD,89.33613347334030
TSCO,Tractor Supply Company,14713277000,USD,-0.323973167580544,4912927000,USD,1499723000,USD,1126267000,USD,1906818000,USD,10.3647,USD,3.5072651919908000
VST,Vistra Corp.,15077000000,USD,-11.639219363535100,4239000000,USD,2892000000,USD,648000000,USD,4994000000,USD,1.2746,USD,-65.1386685629889
ARES,Ares Management Corporation,3592234000,USD,-6.097832261187860,3242467000,USD,1176229000,USD,378201000,USD,1393659000,USD,1.9785,USD,22.25792498300690
WAB,Westinghouse Air Brake Technologies Corporation,10217000000,USD,13.673787271918100,2965000000,USD,1576000000,USD,1016000000,USD,2102000000,USD,5.7188,USD,52.51760187753360
EBAY,eBay Inc.,10197000000,USD,4.34916086778551,7338000000,USD,2357000000,USD,2691000000,USD,2705000000,USD,5.1288,USD,107.1489155458620
ADM,Archer-Daniels-Midland Company,88756000000,USD,-11.43706719351810,6261000000,USD,2744000000,USD,2601000000,USD,3848000000,USD,4.9885,USD,-33.41386582663710
FITB,Fifth Third Bancorp,13285000000,USD,18.81763706287450,,,2924000000,USD,2311000000,USD,,,3.1289,USD,
DVN,Devon Energy Corporation,15443000000,USD,-8.011675005956640,5084000000,USD,4646000000,USD,3502000000,USD,7437000000,USD,5.5167,USD,-24.48256036795710
GPN,Global Payments Inc.,9898458000,USD,6.6268344422994900,6199769000,USD,2414635000,USD,1411193000,USD,4389158000,USD,5.4554,USD,81.90730243414470
HAL,Halliburton Company,23180000000,USD,3.4175069153207800,4456000000,USD,4114000000,USD,2692000000,USD,5160000000,USD,3.011,USD,11.025073746312700
K,Kellanova,13505000000,USD,-14.918414918414900,4708000000,USD,1827000000,USD,907000000,USD,2148000000,USD,2.6315,USD,4.707146267706510
EQR,Equity Residential,2899340000,USD,3.496995762082630,272609000,USD,217563000,USD,957470000,USD,1797119000,USD,2.4759,USD,12.592087312414800
VLTO,Veralto Corp,5077000000,USD,2.6693629929221400,2945000000,USD,1151000000,USD,792000000,USD,1235000000,USD,3.1978,USD,-9.315713353940390
PHM,"PulteGroup, Inc.",16846000000,USD,-0.19898589941887200,4987390000,USD,3607165000,USD,2817226000,USD,3691676000,USD,13.1174,USD,8.489856007410540
DG,Dollar General Corporation,39262798000,USD,2.1501915517821200,10876527000,USD,2251546000,USD,1510211000,USD,3130718000,USD,6.8667,USD,-35.27415660436050
AWK,"American Water Works Company, Inc.",4359000000,USD,7.682806324110670,1869000000,USD,1551000000,USD,956000000,USD,2290000000,USD,4.9026,USD,2.3635528458679600
NTAP,"NetApp, Inc.",6261000000,USD,-1.510146295422370,4403000000,USD,1261000000,USD,986000000,USD,1513000000,USD,4.6501,USD,-19.69155311469180
KEYS,Keysight Technologies Inc.,5003000000,USD,-10.59685489635450,3379000000,USD,912000000,USD,913000000,USD,1164000000,USD,5.1941,USD,-17.495036136923200
DAL,"Delta Air Lines, Inc.",60117000000,USD,7.838986851310380,11196000000,USD,6189000000,USD,4487000000,USD,8628000000,USD,6.9548,USD,49.44667683778500
FTV,Fortive Corporation,6155100000,USD,3.04871923656454,3673000000,USD,1142900000,USD,885700000,USD,1646700000,USD,2.4928,USD,11.166607206564400
STT,State Street Corporation,19502000000,USD,24.621381557927000,,,2246000000,USD,1805000000,USD,,,5.3238,USD,
GFS,GlobalFoundries Inc.,6887000000,USD,-12.390281134715700,1842000000,USD,918000000,USD,814000000,USD,2480000000,USD,1.4627,USD,-45.91606581623220
ETR,Entergy Corporation,12068575000,USD,-9.382837020017720,3260279000,USD,2322459000,USD,1786266000,USD,4656587000,USD,8.3665,USD,27.561444166615900
HPE,Hewlett Packard Enterprise Company,28265000000,USD,-3.5686261130633500,9573000000,USD,2180000000,USD,1807000000,USD,4788000000,USD,1.3718,USD,77.53332470557780
FE,FirstEnergy Corp.,13200000000,USD,2.4129102335324700,3463000000,USD,2269000000,USD,873000000,USD,3466000000,USD,1.5189,USD,90.24298597194390
CHD,"Church & Dwight Company, Inc.",5998400000,USD,6.405548755609960,2603100000,USD,1113800000,USD,802400000,USD,1314400000,USD,3.247,USD,80.37886784067550
FSLR,"First Solar, Inc.",3764233000,USD,25.882165667931800,1716299000,USD,1340852000,USD,1203609000,USD,1692089000,USD,11.1958,USD,669.3650357339200
RJF,"Raymond James Financial, Inc.",14396000000,USD,9.342245176970990,12148000000,USD,2590000000,USD,1896000000,USD,2823000000,USD,8.8604,USD,11.941580756013800
TROW,"T. Rowe Price Group, Inc.",6796200000,USD,8.562026772307600,5467400000,USD,2301000000,USD,1897000000,USD,2605300000,USD,8.4642,USD,26.286106469324400
ROL,"Rollins, Inc.",3234782000,USD,12.715711817200800,1616883000,USD,640343000,USD,460371000,USD,746175000,USD,0.947,USD,19.54052007068920
SW,Smurfit WestRock plc,11777717030.8442,USD,-11.272004872496500,3383484063.1940400,USD,1092901974.69239,USD,628022668.389791,USD,1754598470,USD,2.4026,USD,-40.91289164330330
ZBH,"Zimmer Biomet Holdings, Inc.",7524900000,USD,4.577861163227020,4652100000,USD,1355100000,USD,997000000,USD,2319300000,USD,4.7968,USD,99.52581007445610
WY,Weyerhaeuser Company,7531000000,USD,-5.591074338723830,2102000000,USD,1038000000,USD,745000000,USD,2036000000,USD,1.0194,USD,6.945027276542180
ZM,"Zoom Video Communications, Inc.",4586938000,USD,2.759926536972790,3421554000,USD,816491000,USD,875367000,USD,993284000,USD,2.7916,USD,519.5295162006210
WRB,W.R. Berkley Corporation,12822824000,USD,10.264783577777200,,,2097878000.0000000,USD,1545306000,USD,,,3.8084,USD,25.43310717344050
TER,"Teradyne, Inc.",2695797000,USD,-5.697575657508100,1538609000,USD,514416000.00000000,USD,495640000,USD,628962000,USD,3.038,USD,-9.923799922910430
AEE,Ameren Corporation,7187000000,USD,-12.074871543919700,2147000000,USD,1610000000,USD,1170000000,USD,3169000000,USD,4.4154,USD,3.354322230284870
PINS,"Pinterest, Inc.",3338128000,USD,16.215313861574,2622755000,USD,115394000,USD,191986000,USD,135401000,USD,0.2752,USD,
CCL,Carnival Corporation,23438000000,USD,34.030994453022200,5949000000,USD,2846000000,USD,904000000,USD,5319000000,USD,0.6516,USD,
MKC,"McCormick & Company, Incorporated",6683400000,USD,2.569060773480660,2542600000,USD,1035600000.0000000,USD,739600000,USD,1241200000,USD,2.7419,USD,5.77093700574779
HBAN,Huntington Bancshares Incorporated,11393000000,USD,18.479617304492500,,,2031000000,USD,1683000000,USD,,,1.0516,USD,
RF,Regions Financial Corporation,9219000000,USD,8.497116629398610,,,2243028000,USD,1750000000,USD,,,1.7801,USD,
BLDR,"Builders FirstSource, Inc.",17032818000,USD,-8.085884413945060,5808526000,USD,1995144000,USD,1405021000,USD,2561640000,USD,11.3849,USD,-11.78735801397780
CMS,CMS Energy Corporation,7406000000,USD,-9.028374892519350,1837000000,USD,1372000000,USD,970000000,USD,2585000000,USD,3.2487,USD,29.859695407123100
PSTG,"Pure Storage, Inc.",2934793000,USD,7.804216672739880,2103550000.0000000,USD,133104000.00000000,USD,93703000,USD,262826000.00000000,USD,0.2787,USD,793.2692307692310
AER,AerCap Holdings N.V.,7385584000.03822,USD,3.163625245063210,4238634000.022,USD,3760222000.0195,USD,3263472000.01421,USD,6284576000,USD,15.5259,USD,100.10181724449000
OMC,Omnicom Group Inc.,15123300000,USD,5.280268433949650,2656200000,USD,2269000000,USD,1444300000,USD,2495100000,USD,7.2394,USD,6.605996348000230
BALL,Ball Corporation,12781000000,USD,-11.255381197056000,1938000000,USD,1329000000,USD,-495000000,USD,1998000000,USD,-1.5753,USD,-162.62871228084100
CLX,Clorox Company (The),7093000000,USD,-4.005954797672220,3033000000,USD,924000000,USD,280000000,USD,1159000000,USD,2.2396,USD,86.9449081803005
DKS,Dick's Sporting Goods Inc,13160602000,USD,5.1991922734248100,4606711000,USD,1399308000,USD,1017165000,USD,1802370000,USD,12.071,USD,3.1295120763453900
SYF,Synchrony Financial,20059000000,USD,32.376427110143200,16121000000,USD,4740000000,USD,3004000000,USD,11946000000,USD,7.2023,USD,33.36357744653270
BBY,"Best Buy Co., Inc.",42832000000,USD,-5.06671395008644,9470000000,USD,1752000000,USD,1243000000,USD,2658000000,USD,5.7103,USD,-3.5308229013565700
APTV,Aptiv PLC,19985000000,USD,3.699667911996680,3271000000,USD,1759000000,USD,3690000000,USD,2709000000,USD,13.2346,USD,302.0963723643440
STLD,"Steel Dynamics, Inc.",18147117000,USD,-11.273320122447600,3363530000,USD,2565786000,USD,2013504000,USD,3017231000,USD,12.4705,USD,-27.27765758305590
HOLX,"Hologic, Inc.",3987600000,USD,-1.2579239302694100,2179100000,USD,922700000,USD,701500000,USD,1232600000,USD,2.9305,USD,51.65079693645210
DRI,"Darden Restaurants, Inc.",11390000000,USD,8.602376094128420,1957200000,USD,1366900000,USD,1027600000.0000000,USD,1826800000,USD,8.5142,USD,6.444797279557930
PFG,Principal Financial Group Inc,15653600000,USD,11.02473899228330,,,1568700000,USD,1260100000,USD,,,5.131,USD,-20.6869367628646
EXPE,"Expedia Group, Inc.",13263000000,USD,8.181076672104410,10960000000,USD,1544000000,USD,808000000,USD,2375000000,USD,5.5944,USD,-1.376817981489640
SSNC,"SS&C Technologies Holdings, Inc.",5664000000,USD,5.188871968205620,2786900000,USD,1336000000,USD,698300000,USD,2007600000,USD,2.762,USD,13.878123196173800
NTRS,Northern Trust Corporation,14521400000,USD,48.88551684540780,,,1981700000,USD,1537200000,USD,,,7.3011,USD,
CTRA,Coterra Energy Inc.,5446000000,USD,-28.73593300183200,1820000000,USD,1521000000,USD,1311000000,USD,3277000000,USD,1.734,USD,-56.30150449837450
CNP,"CenterPoint Energy, Inc (Holding Co)",8567000000,USD,-7.563659905049630,2464000000,USD,1922000000,USD,1052000000,USD,3404000000,USD,1.6159,USD,40.00173280194070
HRL,Hormel Foods Corporation,12045641000,USD,-1.8006655514359400,2055129000,USD,1052206000.0000000,USD,766754000,USD,1323507000,USD,1.3983,USD,-17.65987516193620
BAM,Brookfield Asset Management Inc,386368205.8580350,USD,,,,-21894361.307747100,USD,438600417.8809020,USD,-21894358.678,USD,1.10006885,USD,
EXPD,"Expeditors International of Washington, Inc.",9113448000,USD,-27.877198626307400,1396209000,USD,854162000,USD,674693000,USD,921295000,USD,4.6575,USD,-30.199622336120900
WSM,"Williams-Sonoma, Inc.",7581242000,USD,-8.258703890912070,3499651000,USD,1389847000,USD,1083135000,USD,1624858000,USD,8.3247,USD,15.020172432850700
AVTR,"Avantor, Inc.",6825600000,USD,-4.878966511977930,2226000000,USD,768000000,USD,360200000,USD,1168800000,USD,0.5295,USD,-15.076182838813200
NRG,"NRG Energy, Inc.",28876000000,USD,-3.7787404198600500,4512000000,USD,2058000000,USD,2074000000,USD,3383000000,USD,9.3217,USD,
SWKS,"Skyworks Solutions, Inc.",4371800000,USD,-11.869531911462300,1812300000,USD,897200000,USD,780300000,USD,1376300000,USD,4.8466,USD,-25.28634632875490
TME,Tencent Music Entertainment Group,3790203983.4419000,USD,-9.316488658076860,1579627683.01391,USD,822972841.047408,USD,771913056.176834,USD,,,0.4942,USD,17.47088186356070
CRBG,Corebridge Financial Inc.,18119000000,USD,-11.64911254144720,,,1555000000,USD,2035000000,USD,,,3.2106,USD,-0.9502067008082980
TXT,Textron Inc.,13897000000,USD,5.584257711593980,2316000000,USD,1076000000,USD,927000000,USD,1453000000,USD,4.7286,USD,8.685958581377720
RPRX,Royalty Pharma plc,2237558000,USD,-5.253900262360500,,,960298000,USD,673896000,USD,960298000,USD,1.5028,USD,165.98230088495600
RYAN,"Ryan Specialty Holdings, Inc.",2318239000,USD,22.673790679128900,,,577165000,USD,78318000,USD,701962000,USD,0.6284,USD,2.7636958299264000
ENPH,"Enphase Energy, Inc.",1420449000,USD,-49.206168140950500,643292000,USD,98350000,USD,129608000,USD,179260000,USD,0.915,USD,-76.85770651019270
GEN,Gen Digital Inc.,3831000000,USD,7.100922560805140,2874000000,USD,1216000000,USD,608000000,USD,1682000000,USD,0.9537,USD,-54.241435562805900
AMCR,Amcor plc,13640000000.0486,USD,-7.185628742460260,2714000000.00955,USD,1348000000.00476,USD,730000000.002519,USD,1943000000,USD,0.5039,USD,-28.49439477791970
MRO,Marathon Oil Corporation,6560000000,USD,-1.5310717502251600,2723000000,USD,1980000000,USD,1496000000,USD,4215000000,USD,2.56,USD,-19.23271075214540
KEY,KeyCorp,10660000000,USD,13.055467175734400,,,999000000,USD,861000000,USD,,,0.7676,USD,
THC,Tenet Healthcare Corporation,20916000000,USD,5.1372273047149900,2725000000,USD,2725000000,USD,2755000000,USD,3581000000,USD,27.3328,USD,484.7839109970050
BSY,"Bentley Systems, Incorporated",1285353000,USD,10.1945235074243,993156000,USD,287171000,USD,374890000,USD,349155000,USD,1.1449,USD,133.79620175617700
AKAM,"Akamai Technologies, Inc.",3927051000,USD,7.264413314708660,2211137000,USD,686712000,USD,628813000,USD,1297638000,USD,4.0337,USD,36.315095806157300
WMG,Warner Music Group Corp.,6382000000,USD,7.296570275722930,2713000000,USD,1048000000,USD,539000000,USD,1371000000,USD,1.0427,USD,28.237609150166000
ONON,On Holding AG,2256659483.67659,USD,35.27889187130070,1353296607.25855,USD,207844410.398073,USD,174931608.530232,USD,303979160,USD,0.5348,USD,280.911680911681
CPB,Campbell Soup Company,9411000000,USD,1.4553686934023300,2895000000,USD,1283000000,USD,739000000,USD,1684000000,USD,2.4701,USD,-5.247612106333190
DT,"Dynatrace, Inc.",1496864000,USD,22.27852464948950,1196693000,USD,136139000,USD,155064000,USD,191473000,USD,0.5174,USD,5.634953042057970
LNT,Alliant Energy Corporation,3963000000,USD,-5.236728837876610,1033000000,USD,917000000,USD,625000000,USD,1638000000,USD,2.448,USD,-6.436324720990680
NI,NiSource Inc,5240400000,USD,-10.422044067622800,3170600000,USD,1423700000,USD,772200000,USD,2387500000,USD,1.6301,USD,13.3509491690425
TOL,"Toll Brothers, Inc.",10533425000,USD,-1.4363253635938600,2981912000,USD,2018688000,USD,1541322000,USD,2096340000.0000000,USD,14.5169,USD,4.280583291430220
CF,"CF Industries Holdings, Inc.",5886000000,USD,-32.46902248737950,2010000000,USD,1702000000,USD,1052000000,USD,2619000000,USD,5.6167,USD,-53.517606653701300
WES,"Western Midstream Partners, LP",3427579000,USD,10.951457630630000,1802006000,USD,1480695000,USD,1481814000,USD,2114668000.0000000,USD,3.8764,USD,45.08571000823410
USFD,US Foods Holding Corp.,36700000000,USD,4.8961042672992800,6333000000,USD,1129000000,USD,522000000,USD,1544000000,USD,2.1028,USD,17.685247369599300
PNR,Pentair plc.,4109900000.0000000,USD,-1.4199707370895600,1569000000,USD,847300000,USD,659500000,USD,962300000,USD,3.9503,USD,32.720736460153200
BG,Bunge Limited,55817000000,USD,-12.50019595240710,3933000000,USD,2103000000,USD,1303000000,USD,2572000000,USD,8.824,USD,-31.816776905483100
GLPI,"Gaming and Leisure Properties, Inc.",1485179000,USD,7.465219112176550,1188601000,USD,1112406000,USD,777581000,USD,1401667000,USD,2.8868,USD,-0.05885407651030070
UAL,"United Airlines Holdings, Inc.",55635000000,USD,9.336923197861800,7083000000,USD,4890000000,USD,2936000000,USD,7664000000,USD,8.8162,USD,9.3739920105203
XPO,"XPO, Inc.",8017000000,USD,-7.818788087846380,898000000,USD,680000000,USD,359000000,USD,1143000000,USD,2.9975,USD,320.8198792643550
TRMB,Trimble Inc.,3713800000,USD,1.7367959675652000,2193800000,USD,454000000,USD,1511500000,USD,722200000,USD,6.123,USD,341.61557879552800
CAVA,"CAVA Group, Inc.",845224000,USD,31.007951392656200,157157000,USD,45890000,USD,42616000,USD,100810000,USD,0.3637,USD,
EVRG,"Evergy, Inc.",5645600000,USD,-3.323800880182200,1725200000,USD,1294700000,USD,739300000,USD,2450800000,USD,3.2111,USD,-2.2734189542881500
EQH,"Equitable Holdings, Inc.",13619000000,USD,28.553898433075300,,,1817000000,USD,908000000,USD,,,2.399,USD,144.19788273615600
ARCC,Ares Capital Corporation,2764000000,USD,18.677544010304900,1987000000,USD,2390000000,USD,1684000000,USD,2390000000,USD,2.8448,USD,75.16162797857280
WPC,W. P. Carey Inc. REIT,1640460000,USD,-1.5695848901278600,907496000,USD,759572000,USD,571452000,USD,1290076000,USD,2.6106,USD,-26.898521505376400
KMX,CarMax Inc,25962374000,USD,-7.476541157859420,2428636000,USD,-230783000,USD,403346000,USD,52263000,USD,2.5457,USD,-12.162721689324400
ELS,"Equity Lifestyle Properties, Inc.",1533012000,USD,4.023288005862720,562607000,USD,494946000,USD,357118000,USD,699170000,USD,1.8463,USD,23.30862218660260
ALLY,Ally Financial Inc.,16368000000,USD,14.573708525829500,,,686000000,USD,823000000,USD,,,2.3166,USD,
REG,Regency Centers Corporation,1416043000,USD,13.651306549037900,606694000,USD,494951000,USD,392936000,USD,879918000,USD,2.0822,USD,-2.6872926111137100
YUMC,"Yum China Holdings, Inc.",11044000000.0035,USD,6.767208043290280,1814000000.0006200,USD,1207000000.00044,USD,840000000.000303,USD,1766000000,USD,2.069,USD,17.47672041789690
SJM,The J.M. Smucker Company,8178700000,USD,-4.109412371617510,2903400000,USD,1457200000,USD,743800000,USD,1888000000,USD,7.1368,USD,
FLEX,Flex Ltd.,27057000000.0219,USD,-10.805999670355000,2288000000.00173,USD,1278000000.00084,USD,959000000.001249,USD,1808000000,USD,2.2284,USD,29.287537711766100
SN,"SharkNinja, Inc.",4763002000,USD,,2214585000,USD,502605000,USD,245706000,USD,611674000,USD,1.7482,USD,
CNH,CNH Industrial N.V.,23090000000,USD,-6.669361358124500,7448000000,USD,4630000000,USD,2017000000,USD,5223000000,USD,1.5399,USD,-10.600870827285900
PAA,"Plains All American Pipeline, L.P.",50071000000,USD,-1.314596554850410,2203000000,USD,1835000000,USD,1023000000,USD,2879000000,USD,1.1002,USD,-32.098994013454300
AES,The AES Corporation,12429000000,USD,-4.104621556978630,2585000000,USD,2316000000,USD,753000000,USD,3514000000,USD,1.0483,USD,
IPG,"Interpublic Group of Companies, Inc. (The)",10907700000,USD,0.8935260981768740,1593100000,USD,1487100000,USD,1031800000,USD,1748600000,USD,2.6968,USD,12.039883672621500
HST,"Host Hotels & Resorts, Inc.",5474000000,USD,4.745503252965940,870000000,USD,753000000,USD,750000000,USD,1481000000,USD,1.0609,USD,0.12268780671950300
JBL,Jabil Inc.,30377000000,USD,-13.882746498837700,2688000000,USD,1465000000,USD,1405000000,USD,2194000000,USD,10.9894,USD,54.68224364839190
CHRW,"C.H. Robinson Worldwide, Inc.",17458576000,USD,-13.209303985742900,1172044000,USD,574481000,USD,332077000,USD,672043000,USD,2.7728,USD,-36.172367754707400
DOCU,"DocuSign, Inc.",2810134000,USD,8.55760096824127,2214035000,USD,91430000,USD,107201000,USD,188131000,USD,0.5137,USD,
ACI,"Albertsons Companies, Inc.",79452900000,USD,1.356429934583160,20494000000,USD,2191700000,USD,1119500000,USD,4661300000,USD,1.9243,USD,-5.244238723655720
FND,"Floor & Decor Holdings, Inc.",4386361000,USD,-0.3969940806259260,1650514000,USD,308785000,USD,209702000,USD,528928000,USD,1.9393,USD,-27.63805970149250
PFGC,Performance Food Group Company,58281200000,USD,1.7928659131914100,6020400000,USD,836400000,USD,435900000,USD,1393100000,USD,2.7919,USD,9.82652137996145
CUBE,CubeSmart,1060616000,USD,2.0089869658218200,548147000,USD,491058000,USD,403803000,USD,693361000,USD,1.7836,USD,3.3431832667014400
MGM,MGM Resorts International,17059591000,USD,15.082511619328700,7107068000,USD,1757118000,USD,879322000,USD,2552780000,USD,2.6474,USD,157.55423679346200
PR,Permian Resources Corporation,4370309000,USD,71.31748333986670,1890905000,USD,1731158000,USD,685053000,USD,3171396000,USD,1.2461,USD,-15.467064649616700
FTI,TechnipFMC plc,8479600000.041440,USD,19.20600556672180,1522300000.00768,USD,745900000.003993,USD,486600000.002718,USD,1125300000,USD,1.0938,USD,
OVV,Ovintiv Inc. (DE),10473000000.0234,USD,-11.597872879031800,3422000000.00724,USD,2735000000.0055400,USD,1940000000.0034200,USD,4942000000,USD,7.0871,USD,-46.45911398525320
TECH,Bio-Techne Corp,1159059000,USD,1.9668303565930200,773073000,USD,248266000,USD,168079000,USD,359977000,USD,1.0446,USD,-40.7016348773842
LKQ,LKQ Corporation,14483000000,USD,12.253914121841600,5358000000,USD,1337000000,USD,735000000,USD,1721000000,USD,2.748,USD,-26.331027826926200
TAP,Molson Coors Beverage Company,11937900000,USD,6.801996850844550,4597900000,USD,1994200000,USD,1168800000,USD,2673800000,USD,5.452,USD,3033.333333333330
CHWY,"Chewy, Inc.",11240770000,USD,7.512782767225810,3119155000,USD,39120000,USD,84296000,USD,158065000,USD,0.193,USD,56.275303643724700
EDU,"New Oriental Education & Technology Group, Inc. Sponsored",4313586000,USD,43.893640584970100,2262626000,USD,350425000,USD,309591000,USD,,,1.856,USD,76.57691941775290
NVT,nVent Electric plc,3474900000,USD,14.668030623020100,1430800000,USD,666300000,USD,576500000,USD,823900000,USD,3.4212,USD,25.424350185137700
ESTC,Elastic N.V.,1267321000,USD,18.55323113708370,935099000,USD,-122535000,USD,61720000,USD,-104536000,USD,0.5342,USD,
BJ,"BJ's Wholesale Club Holdings, Inc.",20405921000,USD,5.176507128588800,3705721000,USD,798709000,USD,532346000,USD,1045949000.0000000,USD,3.9589,USD,6.096907327008630
CCK,"Crown Holdings, Inc.",11764000000,USD,-4.683195592286500,2012000000,USD,1434000000,USD,432000000,USD,1915000000,USD,3.6073,USD,-9.065012982429600
XP,XP Inc.,3346518552.79555,USD,23.997553194266300,2340069002.98781,USD,1068818055.92627,USD,855086043.553049,USD,1126414640,USD,1.544,USD,22.258294401773700
BEN,"Franklin Resources, Inc.",8247400000,USD,5.437158819242910,6012800000,USD,1213700000,USD,809600000,USD,1671000000,USD,1.6231,USD,1.418395401149710
SKX,"Skechers U.S.A., Inc.",8395128000.000000,USD,8.023216852754580,4283181000.0000000,USD,848805000,USD,579521000,USD,1044996000.0000000,USD,3.7334,USD,23.129184393654600
WTRG,"Essential Utilities, Inc.",1937149000,USD,-15.891359272579200,781570000,USD,687331000,USD,556681000,USD,1042021000,USD,2.041,USD,15.611192930780600
APA,APA Corporation,8969000000,USD,-2.117210520571870,3953000000,USD,3321000000,USD,2905000000,USD,5539000000,USD,9.1569,USD,96.36515697375190
CNM,"Core & Main, Inc.",6869000000,USD,3.651727780292740,1692000000,USD,733000000,USD,380000000,USD,890000000,USD,2.1304,USD,0.25411764705881600
SFM,"Sprouts Farmers Market, Inc.",7189154000,USD,9.039960795597000,2558903000,USD,446488000,USD,324751000,USD,712408000,USD,3.1856,USD,32.336324360252600
UNM,Unum Group,12684800000,USD,4.621221493669840,,,1971800000,USD,1317300000,USD,,,6.8072,USD,-5.5500055500055500
OHI,"Omega Healthcare Investors, Inc.",994547000,USD,15.932945082204200,674633000,USD,554989000,USD,327605000,USD,860252000,USD,1.3001,USD,28.659079663532900